title;price;condition;location;link
EVGA RTX 3090 ftw3 ultra;425,000֏;Малатия-Себастия;Малатия-Себастия;https://www.list.am/ru/item/24242107?ld_src=2
MSI GeForce RTX5070Ti 16G GAMING TRIO OC / GDDR7 / 16GB / Gaming Video Card / Видеокарта;479,000֏;Кентрон;Кентрон;https://www.list.am/ru/item/24236778?ld_src=2
Gigabyte RTX 5060ti 8GB GDDR7 Windforce OC 16G Տեսաքարտ, Видеокарта, Graphics card Վիդեո քարտ;175,000֏;Новое;Эребуни;https://www.list.am/ru/item/23842958?ld_src=2
Videocard Geforce RTX 5060 (Palit);165,000֏;Новое;Эребуни;https://www.list.am/ru/item/23843010?ld_src=2
1070ti 8Gb Gddr5;45,000֏;Использованное;Эребуни;https://www.list.am/ru/item/23843066?ld_src=2
Gigabyte RTX 5060 WindWorce 8GB / Տեսաքարտ, Видеокарта, Graphics card Վիդեո քարտ;165,000֏;Новое;Эребуни;https://www.list.am/ru/item/23829924?ld_src=2
Видеокарта palit nvidia geforce rtx 3060ti pa-rtx3060ti dual oc 8g v1 lhr 8гб dual;95,000֏;Использованное;Эребуни;https://www.list.am/ru/item/23367451?ld_src=2
Xfx radeon rx 580 gts;30,000֏;Использованное;Эребуни;https://www.list.am/ru/item/23367443?ld_src=2
Տեսաքարտ Видеокарта (VGA) - Asus Dual RTX 5060 8GB GDDR7 OC;209,900֏;Новое;Кентрон;https://www.list.am/ru/item/22286256?ld_src=2
Видеокарта GPU ASUS TUF Gaming GeForce RTX 5070 Ti 16GB GDDR7 White OC Edition;599,000֏;Новое;Гюмри;https://www.list.am/ru/item/24078840?ld_src=2
Видеокарта - ZOTAC GeForce RTX 5070 Twin Edge 12GB GDDR7 (гарантия 1 год);374,900֏;Новое;Кентрон;https://www.list.am/ru/item/24068903?ld_src=2
XFX Speedster MERC3T9 Radeon RX 6900 XT;299,000֏;Новое;Кентрон;https://www.list.am/ru/item/24076178?ld_src=2
Видеокарта RTX 3070 Nvidia GALAX rtx3070 / rev 1.0 տեսաքարտ;110,000֏;Новое;Гюмри;https://www.list.am/ru/item/22660559?ld_src=2
Asus rog strix gaming видеокарта rtx 3070 8gb;170,000֏;Использованное;Гюмри;https://www.list.am/ru/item/24140198?ld_src=2
Colorful iGame Geforce RTX 3070;170,000֏;Новое;Гюмри;https://www.list.am/ru/item/24160540?ld_src=2
Rtx 3070, rtx 2070 super founders edition, founder edition, founder edition Rtx 3060ti;70,000֏;Использованное;Прошян;https://www.list.am/ru/item/22572403?ld_src=2
PALIT GeForce GT 710 2048MB DDR3 DVI VGA HDMI Video Graphics Card տեսաքարտ видеокарта Վիդեո քարդ;18,000֏;Использованное;Арабкир;https://www.list.am/ru/item/21699821?ld_src=2
Xfx rx5700 xt 8gb;50,000֏;Использованное;Давташен;https://www.list.am/ru/item/24131465?ld_src=2
NVidia GeForce 6800GE PCI-E 256Mb DDR2 128bit VGA, DVI, s-video Video Graphics Card տեսաքարտ видеокарта;3,900֏;Использованное;Арабкир;https://www.list.am/ru/item/21559981?ld_src=2
XFX NVidia GeForce 8400GS 512MB DDR2 VGA TV DVI PCI-Express Video Graphics Card տեսաքարտ видеокарта;5,000֏;Использованное;Арабкир;https://www.list.am/ru/item/21559930?ld_src=2
Որպես պահեստամաս Asus GeForce GTX 1050 Ti STRIX OC 4Gb Video card Видеокарта վիդեոքարտ;8,000֏;Использованное;Арабкир;https://www.list.am/ru/item/20834023?ld_src=2
Պահեստամաս ASUS radeon hd 7970 video card;20,000֏;Использованное;Арабкир;https://www.list.am/ru/item/21637706?ld_src=2
Видеокарта - Gigabyte GeForce RTX 4070 SUPER WINDFORCE OC 12GB (гарантия 1 год);319,900֏;Новое;Кентрон;https://www.list.am/ru/item/24071099?ld_src=2
Տեսաքարտ / Վիդեո քարտ - GiGABYTE GeForce RTX 5080 WINDFORCE OC SFF 16GB GDDR7 (1 տարի երաշխիք);714,900֏;Новое;Кентрон;https://www.list.am/ru/item/23417056?ld_src=2
Видеокарта - Gigabyte GeForce RTX 5050 WINDFORCE OC 8GB GDDR6 (гарантия 1 год);154,900֏;Новое;Кентрон;https://www.list.am/ru/item/24070808?ld_src=2
Խաղային MSI GeForce GTX 1070 ARMOR GDDR5 3xDPI + HDMI + DVI Video Graphics GTX1070 Card տեսաքարտ видеокарта;55,000֏;Использованное;Арабкир;https://www.list.am/ru/item/23451460?ld_src=2
MSI NVIDIA GeForce GT 710 1GB GDDR5 Low Profile GT 710 Վիդեոքարտ Видеокарта HDMI + DVI + VGA 4K Ultra;15,000֏;Использованное;Арабкир;https://www.list.am/ru/item/21699296?ld_src=2
MSI 256GB NX6800-TD256E DDR SDRAM D-Sub + DVI + TV Out + SLI Video Graphics Card տեսաքարտ видеокарта;4,500֏;Использованное;Арабкир;https://www.list.am/ru/item/21559942?ld_src=2
Palit GF210 1024M sDDR3 64B GeForce 210 1GB DDR3 D-Sub + DVI + HDMI Video Graphics Card տեսաքարտ видеокарта;8,000֏;Использованное;Арабкир;https://www.list.am/ru/item/21559953?ld_src=2
EN6600/TD/128M - ASUS GeForce 128MB DDR 128-Bit 1xDVI PCI Express x16 Video Graphics Card տեսաքարտ видеокарта;4,900֏;Использованное;Арабкир;https://www.list.am/ru/item/21559929?ld_src=2
RADIATOR + SPARKLE GeForce 210 1GB DDR3L PASSIVE V2 Graphic CardVideo Graphics Card տեսաքարտ видеокарта;12,900֏;Использованное;Арабкир;https://www.list.am/ru/item/21559980?ld_src=2
PowerColor Radeon HD 4670 1GB DDR3 PCI Express 2.0 HDMI D-SUB DVI Video Graphics Card տեսաքարտ видеокарта;7,900֏;Использованное;Арабкир;https://www.list.am/ru/item/21559954?ld_src=2
Afox NVIDIA GeForce GT220 1GB DDR3 128bit DVI HDMI Video Graphics Card տեսաքարտ видеокарта;9,500֏;Использованное;Арабкир;https://www.list.am/ru/item/21559943?ld_src=2
Տեսաքարտ / Վիդեո քարտ - ASUS Dual GeForce RTX 5070 12GB GDDR7 OC Edition (1 տարի երաշխիք);429,000֏;Новое;Кентрон;https://www.list.am/ru/item/22962461?ld_src=2
Տեսաքարտ / Վիդեո քարտ - Palit GeForce RTX 5060 Ti Dual 8GB GDDR7 (1 տարի երաշխիք);239,000֏;Новое;Кентрон;https://www.list.am/ru/item/22673935?ld_src=2
Zotac GTX 750 TI;30,000֏;Использованное;Эребуни;https://www.list.am/ru/item/23398862?ld_src=2
MSI GeForce RTX 3060 Ventus 2X 12G OC, игровая видеокарта - NVIDIA RTX 3060, 12 ГБ памяти GDDR6, 192-бит, 15;180,000֏;Новое;Кентрон;https://www.list.am/ru/item/24204525?ld_src=2
Մայնիգ ֆերմա վիդեոքարտ (Mayning ferma майнинг ферма) R 580 видеокарта (asus, redeon) ֆիրմայի mining ferma;$2,500;Использованное;Севан;https://www.list.am/ru/item/21295296?ld_src=2
Palit GT630 2048M sDDR3 128bit;8,000֏;Использованное;Ачапняк;https://www.list.am/ru/item/23641554?ld_src=2
NEW * MSI RTX 3080 VENTUS 3X OC (10GB) 320bit 8704 Cuda Cores / GDDR6X;285,000֏;Использованное;Шенгавит;https://www.list.am/ru/item/21841926?ld_src=2
NEW MSI Aero Quad M.2 Xpander PCIe Gen4 (4xM.2 SSD-ի տեղով);35,000֏;Новое;Шенгавит;https://www.list.am/ru/item/22422901?ld_src=2
Gigabyte RTX 3090 EAGLE OC Video card 24GB Memory, Cuda Cores 10496;449,000֏;Использованное;Шенгавит;https://www.list.am/ru/item/21418020?ld_src=2
Տեսաքարտ / Վիդեո քարտ - Gigabyte GeForce RTX 5070 Ti 16GB GAMING OC Edition GDDR7;559,900֏;Новое;Кентрон;https://www.list.am/ru/item/24068029?ld_src=2
Zotac Gaming RTX5070 Twin Edge 12GB GDDR7 / Տեսաքարտ, Видеокарта, Graphics card / 1 տարի երաշխիք;354,900֏;Новое;Кентрон;https://www.list.am/ru/item/23052294?ld_src=2
Asus Dual RTX5060 8GB OC Edition GDDR7 / Տեսաքարտ, Видеокарта, Graphics card / 1 տարի երաշխիք;196,000֏;Новое;Кентрон;https://www.list.am/ru/item/22657037?ld_src=2
Gigabyte RTX5060 WindWorce 8GB / Տեսաքարտ, Видеокарта, Graphics card / 1 տարի երաշխիք;215,000֏;Новое;Кентрон;https://www.list.am/ru/item/20426676?ld_src=2
Asus GeForce Dual RTX 3050 6GB / տեսաքարտ, Видеокарта, Graphics card / 1 տարի երաշխիք;129,900֏;Новое;Кентрон;https://www.list.am/ru/item/21655751?ld_src=2
Asus Dual RTX5060 Ti 8GB OC Edition GDDR7 / Տեսաքարտ, Видеокарта, Graphics card / 1 տարի երաշխիք;218,900֏;Новое;Кентрон;https://www.list.am/ru/item/22657052?ld_src=2
Gigabyte geforce rtx 5080 windforce oc sff 16gb gddr7 / 1 տարի երաշխիք;714,900֏;Новое;Кентрон;https://www.list.am/ru/item/23425967?ld_src=2
Asus TUF Gaming RTX5080 16GB OC Edition GDDR7 / Տեսաքարտ, Видеокарта, Graphics card / 1 տարի երաշխիք;669,000֏;Новое;Кентрон;https://www.list.am/ru/item/22657432?ld_src=2
Asus Prime RTX5070 12GB OC Edition GDDR7 / Տեսաքարտ, Видеокарта, Graphics card / 1 տարի երաշխիք;389,000֏;Новое;Кентрон;https://www.list.am/ru/item/23052235?ld_src=2
ASUS Dual RTX 5070 12GB OC Edition DGGR7 / Տեսաքարտ, Видеокарта, Graphics card / 1 տարի երաշխիք;429,000֏;Новое;Кентрон;https://www.list.am/ru/item/22667986?ld_src=2
MSI RTX 5070 Ti 16GB Trio OC GDDR7 / Վիդեկարտա, Videocard, Видеокарта / 1տարի երաշխիք;589,000֏;Новое;Кентрон;https://www.list.am/ru/item/24201423?ld_src=2
MSI RTX 5070 12GB Trio OC GDDR7 / Վիդեոկարտա, VideoCard, Видеокарта / 1տարի երաշխիք;409,000֏;Новое;Кентрон;https://www.list.am/ru/item/24201479?ld_src=2
VGA PNY RTX 5080 OC Edition GDDR7 / VGA, Видеокарта, VideoCard;699,000֏;Новое;Кентрон;https://www.list.am/ru/item/24153644?ld_src=2
Asus TUF RTX5070 12GB GDDR7 / Տեսաքարտ, Видеокарта, Graphics card / 1 տարի երաշխիք;409,000֏;Новое;Кентрон;https://www.list.am/ru/item/23052254?ld_src=2
Sapphire rx 6700 xt nitro +;120,000֏;Использованное;Нор Норк;https://www.list.am/ru/item/20259483?ld_src=2
Gigabyte gaming oc rtx 5070 12gb (rtx5070);320,000֏;Новое;Канакер-Зейтун;https://www.list.am/ru/item/24123467?ld_src=2
Gigabyte Geforce Rtx 3070;140,000֏;Использованное;Шенгавит;https://www.list.am/ru/item/22752126?ld_src=2
Nvidia GeForce Professional Quadro NVS 285 128MB DVI VGA, S-Video - Video Graphics Card տեսաքարտ видеокарта;4,000֏;Использованное;Арабкир;https://www.list.am/ru/item/21824529?ld_src=2
Պահեստամաս вентиляторы Sparkle GeForce GTX 660 Vide Card -ի Հովացման համակարգ -ի охлаждения кулер cooler;12,000֏;Использованное;Арабкир;https://www.list.am/ru/item/21700163?ld_src=2
Palit GeForce RTX 5050 STORMX 8GB GDDR6 / 1 տարի երաշխիք;144,900֏;Новое;Кентрон;https://www.list.am/ru/item/23425979?ld_src=2
VGA Asus Dual RTX 5060TI-O8G 8GB (90YV0MP2-M0NA00) / Տեսաքարտ, Видеокарта, Graphics card / 1 տարի երաշխիք;246,900֏;Новое;Кентрон;https://www.list.am/ru/item/23815356?ld_src=2
Խաղային Asus GeForce GTX1650 4GB GDDR5 DP + HDMI + DVI-i Video Graphics Card տեսաքարտ видеокарта Վիդեո;69,900֏;Использованное;Арабкир;https://www.list.am/ru/item/23081459?ld_src=2
Sapphire Nitro Radeon RX 5700 XT 8 ГБ видеокарта, 3 вентилятора;55,000֏;Использованное;Нор Норк;https://www.list.am/ru/item/24161673?ld_src=2
Տեսաքարտ / Վիդեո քարտ - Palit GeForce RTX 5050 DUAL 8GB GDDR6 (1 տարի երաշխիք);149,000֏;Новое;Кентрон;https://www.list.am/ru/item/23268944?ld_src=2
Տեսաքարտ / Վիդեո քարտ - Palit GeForce RTX 5050 STORMX 8GB GDDR6 (1 տարի երաշխիք);144,900֏;Новое;Кентрон;https://www.list.am/ru/item/23416199?ld_src=2
VideoCard AMD Radeon R5 230 1 GB DDR3 64BIT 625MHz 28nm Video Graphics Card տեսաքարտ видеокарта Վիդեո քարդ;20,000֏;Использованное;Арабкир;https://www.list.am/ru/item/21829669?ld_src=2
Nvidia Tesla T4 16GB GDDR6 pci-e 3.0 GPU видеокарта;210,000֏;Новое;Арабкир;https://www.list.am/ru/item/24083825?ld_src=2
Видеокарта - Gigabyte GeForce RTX 4070 Ti SUPER EAGLE OC 16GB (гарантия 1 год);454,900֏;Новое;Кентрон;https://www.list.am/ru/item/24071121?ld_src=2
Տեսաքարտ / Վիդեո քարտ - ASUS Dual GeForce RTX 5060 Ti 8GB GDDR7 (1 տարի երաշխիք);246,900֏;Новое;Кентрон;https://www.list.am/ru/item/22656553?ld_src=2
Տեսաքարտ / Վիդեո քարտ - ASUS Dual GeForce RTX 5050 8GB GDDR6 (1 տարի երաշխիք);152,900֏;Новое;Кентрон;https://www.list.am/ru/item/23048707?ld_src=2
Видеокарта / Видеокарта - Gigabyte GeForce RTX 4070 Ti SUPER EAGLE OC ICE 16GB (1 год гарантии);474,900֏;Новое;Кентрон;https://www.list.am/ru/item/24071210?ld_src=2
Տեսաքարտ / Վիդեո քարտ - MSI GeForce RTX 5060 8GB VENTUS 2X OC GDDR7 (1 տարի երաշխիք);211,000֏;Новое;Кентрон;https://www.list.am/ru/item/22563040?ld_src=2
Colorful GT720 Smart Shark 2GB GDDR5 5000MHZ 28nm Gaming Card տեսաքարտ видеокарта GT 720;18,000֏;Использованное;Арабкир;https://www.list.am/ru/item/21824561?ld_src=2
Видеокарта - Gigabyte GeForce RTX 5070 Ti 16GB GAMING OC Edition GDDR7 (1 год гарантии);559,900֏;Новое;Кентрон;https://www.list.am/ru/item/24036516?ld_src=2
Asus Phoenix RTX 3060;95,000֏;Использованное;Степанаван;https://www.list.am/ru/item/24222608?ld_src=2
VIDEOCARD-եր տարբեր տեսակի Nvidia GeForce ATI radeon GT RTX Video Graphics Card տեսաքարտ видеокарта Վիդեո քար;3,900֏;Использованное;Арабкир;https://www.list.am/ru/item/21700096?ld_src=2
Տեսաքարտ SAPPHIRE Nitro AMD Radeon RX 6700 XT 12GB GDDR6 192-bit (Օգտագործված);129,000֏;Использованное;Гюмри;https://www.list.am/ru/item/23699680?ld_src=2
Տեսաքարտ Asus PRIME Geforce RTX 5060 Ti 8GB GDDR7 128-bit 4608 CUDA;239,000֏;Новое;Гюмри;https://www.list.am/ru/item/23699388?ld_src=2
Gigabyte gt 1030 d4 2gb ddr4 64bit;47,000֏;Новое;Гюмри;https://www.list.am/ru/item/23332699?ld_src=2
AMD Radeon RX 5700 XT Soyo;20,000֏;Использованное;Чаренцаван;https://www.list.am/ru/item/22084758?ld_src=2
MSI Ventus 3x NVIDIA Geforce RTX 3060 12GB;129,000֏;Использованное;Аван;https://www.list.am/ru/item/24130908?ld_src=2
RX 6800 XT Gigabyte Eagle 16 GB;115,000֏;Использованное;Арабкир;https://www.list.am/ru/item/24152245?ld_src=2
Videocard asus asus dual-rtx3050-o8g;118,000֏;Новое;Кентрон;https://www.list.am/ru/item/21811830?ld_src=2
Zotac GT240 1GB 128bit;6,000֏;Использованное;Кентрон;https://www.list.am/ru/item/22076765?ld_src=2
Asus ROG RTX 2060 super 8gb rtx2060;79,000֏;Использованное;Кентрон;https://www.list.am/ru/item/21946939?ld_src=2
Dell oem nvidia rtx 3060ti 8gb desktop gaming graphics card;89,900֏;Использованное;Кентрон;https://www.list.am/ru/item/23288318?ld_src=2
Խաղային Palit GeForce GTX 1060 DUAL 3GB GDDR5 3xDP + HDMI + DVI Video Graphics Card տեսաքարտ видеокарта GTX1060;45,000֏;Использованное;Арабкир;https://www.list.am/ru/item/23474149?ld_src=2
Videocard Видеокарта Տեսաքարտ EVGA GTX 550 Ti (խնդիր ունի);6,000֏;Использованное;Малатия-Себастия;https://www.list.am/ru/item/23660621?ld_src=2
Տեսաքարտ, Видеокарта Palit RTX 5050 Dual 8GB, Երաշխիք;159,900֏;Новое;Эребуни;https://www.list.am/ru/item/23304140?ld_src=2
Msi geforce gtx 980 gaming 4gb;47,000֏;Использованное;Канакер-Зейтун;https://www.list.am/ru/item/22797558?ld_src=2
Msi rtx 4070 ti super super ventus 2x oc 16gb գերհզոր վիդեոքարտ, որը քաղաքում մեկն է shopline.am;380,000֏;Новое;Арабкир;https://www.list.am/ru/item/23707250?ld_src=2
Nvidia Quadro M2000 / 4Gb RAM GDDR5 / 128bit memory / Professional video graphics card;29,900֏;Использованное;Ачапняк;https://www.list.am/ru/item/23456072?ld_src=2
Nvidia Quadro P2000 / RAM 5Gb DDR5 / 160bit memory / Professional video graphics card;44,900֏;Использованное;Ачапняк;https://www.list.am/ru/item/23437787?ld_src=2
ASUS GeForce RTX 3080 TUF Gaming OC Edition/ 10GB / 320 bit / GDDR6X /;200,000֏;Использованное;Ачапняк;https://www.list.am/ru/item/22609086?ld_src=2
Հզոր Տեսաքարտ, Видеокарта Zotac GeForce RTX 5070 12GB, Երաշխիք;349,900֏;Новое;Эребуни;https://www.list.am/ru/item/22356436?ld_src=2
AMD RADEON RX 550 4GB GDDR5 128-bit DVI/HDMI/DP (Օգտագործվել է մեկ ամիս Գտնվում է երաշխիքի մեջ);25,000֏;Использованное;Шенгавит;https://www.list.am/ru/item/23697110?ld_src=2
EVGA RTX 3090 ftw3 ultra;425,000֏;Малатия-Себастия;Малатия-Себастия;https://www.list.am/ru/item/24242107?ld_src=2
MSI GeForce RTX5070Ti 16G GAMING TRIO OC / GDDR7 / 16GB / Gaming Video Card / Видеокарта;479,000֏;Кентрон;Кентрон;https://www.list.am/ru/item/24236778?ld_src=2
Thermal kingdom gtx 550 ti n550-2sdn-d5gx;12,000֏;Использованное;Шенгавит;https://www.list.am/ru/item/23534786?ld_src=2
NVIDIA RTX A3000 Mobile 6GB для HP ZBook Fury 15 G8 HP ZBook Fury 17 G8;45,000֏;Использованное;Кентрон;https://www.list.am/ru/item/24221776?ld_src=2
EVGA GeForce RTX 3080 XC3 ULTRA վիդեոկարտա / видеокарта;180,000֏;Использованное;Давташен;https://www.list.am/ru/item/22404722?ld_src=2
Տեսաքարտ PNY NVIDIA T400 4Gb 3xmini display port;26,000֏;Использованное;Арабкир;https://www.list.am/ru/item/23182753?ld_src=2
RTX 3070 OC = Золотая середина мощных игровых видеокарт;120,000֏;Использованное;Аван;https://www.list.am/ru/item/22429092?ld_src=2
Asus gtx 1050 2gb;22,000֏;Использованное;Эребуни;https://www.list.am/ru/item/23334595?ld_src=2
Videocart Xfx speedstar swft319 radeon rx6900xt;130,000֏;Использованное;Кентрон;https://www.list.am/ru/item/23088244?ld_src=2
Sapphire R9 290 TriX;30,000֏;Использованное;Ачапняк;https://www.list.am/ru/item/23715090?ld_src=2
XFX RX 580 8Gb GTS XXX Dual Bios switch;40,000֏;Использованное;Ачапняк;https://www.list.am/ru/item/23715086?ld_src=2
Վիդեոքարտ Asus RX 470 4Gb;37,000֏;Использованное;Арабкир;https://www.list.am/ru/item/22022852?ld_src=2
Palit gtx 1660 super խաղային վիդեոքարտ;60,000֏;Использованное;Эребуни;https://www.list.am/ru/item/21921474?ld_src=2
Galaxy Gtx 650 TI boost 192bit 2gb;17,000֏;Использованное;Эребуни;https://www.list.am/ru/item/23978396?ld_src=2
Rtx5070asus tuf oc edition;390,000֏;Новое;Нор Норк;https://www.list.am/ru/item/23653287?ld_src=2
RTX 5070 MSI 12GB;295,000֏;Использованное;Малатия-Себастия;https://www.list.am/ru/item/24215310?ld_src=2
Gtx1070 asus 8gb;45,000֏;Использованное;Эребуни;https://www.list.am/ru/item/23458536?ld_src=2
Видеокарта 32mb որպես պահեստամաս;4,000֏;Использованное;Давташен;https://www.list.am/ru/item/21642062?ld_src=2
RTX T400 4gb, DDR6 в идеальном состоянии;23,000֏;Использованное;Кентрон;https://www.list.am/ru/item/24121546?ld_src=2
MSI Gt 1030 Gddr5 անթերի վիճակում;18,000֏;Использованное;Кентрон;https://www.list.am/ru/item/22447842?ld_src=2
Nvidia GTX 780 Evga;19,000֏;Использованное;Кентрон;https://www.list.am/ru/item/24208842?ld_src=2
Zotac geforce gtx 770 2gb;45,000֏;Использованное;Гюмри;https://www.list.am/ru/item/23820376?ld_src=2
ASUS AMD Radeon RX 9060 XT Prime Overclocked Triple Fan 16GB GDDR6 PCIe 5.0;235,000֏;Новое;Арабкир;https://www.list.am/ru/item/23582991?ld_src=2
MSI Ventus 3x Geforce RTX 3060 TI 8GB Graphics Card 256Bit;130,000֏;Новое;Аван;https://www.list.am/ru/item/18476004?ld_src=2
ASUS CMP 40HX 8GB~ (Rtx 2060 Super);38,000֏;Использованное;Ванадзор;https://www.list.am/ru/item/24222682?ld_src=2
Վիդեո քարտ ASUS 1GB;12,000֏;Использованное;Канакер-Зейтун;https://www.list.am/ru/item/22932688?ld_src=2
Msi gaming x trio rtx 3070 ti;120,000֏;Использованное;Нор Норк;https://www.list.am/ru/item/24213201?ld_src=2
Evga Geforce Gtx1060 6Gb;38,000֏;Использованное;Шенгавит;https://www.list.am/ru/item/23369983?ld_src=2
Asus Gtx1070 8 gb rog strix;40,000֏;Использованное;Арабкир;https://www.list.am/ru/item/23930565?ld_src=2
Տեսաքարտ Msi RTX5060 8GB նոր վիդեոքարտ videocard;145,000֏;Новое;Арабкир;https://www.list.am/ru/item/23933405?ld_src=2
Palit Видеокарта Dual GTX 1660 6Gb GTX1660 Լիովին Նոր Video Card VideoCard Տեսաքարտ GDDR5 HDMI DVI;85,000֏;Новое;Кентрон;https://www.list.am/ru/item/20473685?ld_src=2
ASUS RTX 5070 TUF GAMING video card 12GB dlss4.5 վիդեո քարդ;415,000֏;Новое;Нор Норк;https://www.list.am/ru/item/23417845?ld_src=2
Asus RTX 5070 ti tuf gaming 16gb video card dlss4.5, 5070 ti;580,000֏;Новое;Нор Норк;https://www.list.am/ru/item/23311424?ld_src=2
Sapphire NITRO + RX 580 4G;22,000֏;Использованное;Аван;https://www.list.am/ru/item/24205944?ld_src=2
Видеокарта GALAX 2070 super;75,000֏;Использованное;Аван;https://www.list.am/ru/item/24062123?ld_src=2
Videocard SXG210 1gb;9,000֏;Использованное;Гюмри;https://www.list.am/ru/item/23904071?ld_src=2
Saphire nitro + RX 6700 XT, 12gb, RX6700XT, rx 6700 xt, AMD 6700 xt, AMD 12GB;105,000֏;Использованное;Канакер-Зейтун;https://www.list.am/ru/item/23556043?ld_src=2
Asus gtx 1070 8g;45,000֏;Использованное;Арабкир;https://www.list.am/ru/item/20259429?ld_src=2
XFX Speedster SWFT 319 RX 6900 XT 16GB;150,000֏;Использованное;Эчмиадзин;https://www.list.am/ru/item/24253317?ld_src=2
Տեսաքարտ GPU ASUS ROG Astral GeForce RTX 5080 16GB GDDR7 DLSS 4 պրեմիում դասի Գրաֆիկական քարտ;855,000֏;Новое;Гюмри;https://www.list.am/ru/item/23965426?ld_src=2
Asus nVidia GeForce 8500GT 512MB DVI VGA (ID: 45);4,000֏;Использованное;Кентрон;https://www.list.am/ru/item/23500648?ld_src=2
AMD HD6750 ddr3 pciEգտնվում է լավ վիճակում;8,000֏;Использованное;Канакер-Зейтун;https://www.list.am/ru/item/22728668?ld_src=2
Видеокарта GeForce GT630 2ГБ GDDR3 64bit DVI VGA HDMI;8,000֏;Использованное;Кентрон;https://www.list.am/ru/item/24142200?ld_src=2
NVIDIA T400 4GB GDDR6 VCNT-400 GPU/տեսաքարտ/видеокарта;30,000֏;Новое;Кентрон;https://www.list.am/ru/item/23614606?ld_src=2
Asus GeForce Gtx 1660 ti;40,000֏;Использованное;Абовян;https://www.list.am/ru/item/23923525?ld_src=2
Odyssey Thermalright thermal pad 85x45x1.0mm 12.8W/mK (термопрокладка) 100% original;9,000֏;Новое;Шенгавит;https://www.list.am/ru/item/21565225?ld_src=2
GTX 960 2 гигабайта DDR5 128-бит;18,000֏;Использованное;Шенгавит;https://www.list.am/ru/item/24058998?ld_src=2
Gtx 1660ti 6gb 192 bit ddr6;45,000֏;Использованное;Шенгавит;https://www.list.am/ru/item/23878371?ld_src=2
GTX 1080 8gb HDMI 4k [7680x4320];60,000֏;Использованное;Шенгавит;https://www.list.am/ru/item/24071135?ld_src=2
GTX 1060 6GB 192bit DDR5;35,000֏;Использованное;Шенгавит;https://www.list.am/ru/item/23876756?ld_src=2
EVGA Nvidia GeForce GTX 1060 1 cooler 192 bit 6Gb;45,000֏;Использованное;Кентрон;https://www.list.am/ru/item/21375117?ld_src=2
RTX3070 վիդեոքարտ Palit GameRock;165,000֏;Использованное;Ачапняк;https://www.list.am/ru/item/23238289?ld_src=2
Videocard видеокарта վիդեո քարտ Core GeForce GT620/2Gb DDR3 /VGA/DVI/HDMI + անվճար առաքում և տեղադրում;14,000֏;Использованное;Эребуни;https://www.list.am/ru/item/15190398?ld_src=2
Palit RTX 3050 StormX 8GB;65,000֏;Использованное;Эчмиадзин;https://www.list.am/ru/item/20456416?ld_src=2
Msi rtx 3060 ti gaming z trio;115,000֏;Новое;Кентрон;https://www.list.am/ru/item/24239274?ld_src=2
XPC thermal pad 0.5mm 100x100x0.5mm 20W/mk (термопрокладка);12,000֏;Новое;Шенгавит;https://www.list.am/ru/item/21565162?ld_src=2
Видеокарта Palit GeForce GT 730 2GB DDR3 128bit (NEAT7300HD41-1085F);10,000֏;Использованное;Шенгавит;https://www.list.am/ru/item/23928907?ld_src=2
GTX 760 GDDR5 2GB 256bit;16,000֏;Использованное;Шенгавит;https://www.list.am/ru/item/22458141?ld_src=2
Gigabyte GeForce GTX980 4GB GDDR5 PCiE 1216MHz HDMI VGA DVI Video Graphics Card տեսաքարտ видеокарта Վիդեո քարդ;150,000֏;Новое;Арабкир;https://www.list.am/ru/item/21703708?ld_src=2
Zotac GeForce GT 520 1GB GDDR3 64bit DVI VGA HDMI Video Graphics Card տեսաքարտ видеокарта Վիդեո քարդ;11,000֏;Использованное;Арабкир;https://www.list.am/ru/item/21701926?ld_src=2
Arktek GeForce GT620 2GB GDDR3 64bit DVI VGA HDMI Video Graphics Card տեսաքարտ видеокарта Վիդեո քարդ;24,000֏;Новое;Арабкир;https://www.list.am/ru/item/21704966?ld_src=2
GeForce GT520 1GB DDR3 64bit DVI VGA HDMI Video Graphics Card տեսաքարտ видеокарта Վիդեո քարդ;9,000֏;Использованное;Арабкир;https://www.list.am/ru/item/21701698?ld_src=2
GeForce RTX 5090 GameRock Palit;2,000,000֏;Использованное;Арабкир;https://www.list.am/ru/item/24144979?ld_src=2
Nvidia CMP 30hx 6 GB аналогом GTX 1660 super pcie x16;30,000֏;Использованное;Аван;https://www.list.am/ru/item/23239441?ld_src=2
Монитор 19 дюйма + առաքում;8,000֏;Использованное;Арабкир;https://www.list.am/ru/item/19105369?ld_src=2
Nvidea geforce 9800 gtx +;20,000֏;Использованное;Шенгавит;https://www.list.am/ru/item/23996382?ld_src=2
Geforce rtx 3060ti AORUS;120,000֏;Использованное;Кентрон;https://www.list.am/ru/item/21966212?ld_src=2
MSI Radeon rx 470 gaming x 4g (256bit) хороший состояние;27,000֏;Использованное;Ванадзор;https://www.list.am/ru/item/22853274?ld_src=2
GPU Վիդեոքարտ ASUS GeForce GTX 1650 Տեսաքարտ / Видеокарта / Videocard / Video Card;50,000֏;Использованное;Кентрон;https://www.list.am/ru/item/23764526?ld_src=2
GPU Վիդեոքարտ ASUS GeForce GTX 1660 SUPER Տեսաքարտ / Видеокарта / Videocard / Video Card;82,000֏;Использованное;Кентрон;https://www.list.am/ru/item/23764601?ld_src=2
GPU Վիդեոքարտ ASUS Dual GeForce RTX 5050 OC Edition Տեսաքարտ / Видеокарта / Videocard / Video Card;157,900֏;Новое;Кентрон;https://www.list.am/ru/item/23764676?ld_src=2
Տեսաքարտ VGA Asus DUAL RTX5060Ti-O8G 8GB / 90YV0MP2-M0NA00 / Видеокарта / Videocard;233,000֏;Новое;Кентрон;https://www.list.am/ru/item/23535726?ld_src=2
Տեսաքարտ VGA Asus DUALRTX3050O6G / 90YV0K60M0NA00 / Видеокарта / Videocard;106,000֏;Новое;Кентрон;https://www.list.am/ru/item/23535714?ld_src=2
Տեսաքարտ VGA Arktek GeForce GT740 2GB AKN740D3S2GL1 / Видеокарта / Videocard;30,000֏;Новое;Кентрон;https://www.list.am/ru/item/23535673?ld_src=2
Տեսաքարտ VGA Arktek GeForce GT730 2GB / Видеокарта / Videocard;29,000֏;Новое;Кентрон;https://www.list.am/ru/item/23535652?ld_src=2
Տեսաքարտ VGA AFOX GeForce GT740 4GB / Видеокарта / Videocard;30,000֏;Новое;Кентрон;https://www.list.am/ru/item/23535616?ld_src=2
Տեսաքարտ VGA Asus GT7304HSL2GD5 /  90YV0H20M0NA00 / Вид еокарта / Videocard;56,000֏;Новое;Кентрон;https://www.list.am/ru/item/23535597?ld_src=2
Վիդեո քարտ MSI VENTUS 2X RTX 3050-O8G / 8GB GDDR6 / Видеокарта / Video Card;115,000֏;Новое;Кентрон;https://www.list.am/ru/item/23547704?ld_src=2
GPU Վիդեոքարտ ASUS GeForce GTX 1060 Տեսաքարտ / Видеокарта / Videocard / Video Card;45,000֏;Использованное;Кентрон;https://www.list.am/ru/item/23781157?ld_src=2
Վիդեո քարտ ASUS TUF GAMING RTX 5090 / 32GB GDDR7 / Видеокарта / Video Card;2,399,000֏;Новое;Кентрон;https://www.list.am/ru/item/23550913?ld_src=2
Վիդեո քարտ MSI VENTUS 3X RTX 5070 / 12GB GDDR7 / Видеокарта / Video Card;358,000֏;Новое;Кентрон;https://www.list.am/ru/item/23550902?ld_src=2
Վիդեո քարտ ZOTAC TWIN EDGE RTX 5070 / 12GB GDDR7 / Видеокарта / Video Card;329,900֏;Новое;Кентрон;https://www.list.am/ru/item/23550903?ld_src=2
Վիդեո քարտ MSI GAMING TRIO RTX 5080 / 16GB GDDR7 / Видеокарта / Video Card;680,000֏;Новое;Кентрон;https://www.list.am/ru/item/23550890?ld_src=2
Վիդեո քարտ GIGABYTE WINDFORCE 3 OC RTX 5070 / 12GB GDDR7 / Видеокарта / Video Card;327,000֏;Новое;Кентрон;https://www.list.am/ru/item/23550884?ld_src=2
Վիդեո քարտ MSI VENTUS 2X RTX 5070 / 12GB GDDR7 / Видеокарта / Video Card;321,900֏;Новое;Кентрон;https://www.list.am/ru/item/23550876?ld_src=2
PowerColor Red Devil Radeon RX 6800 XT видеокарта;125,000֏;Использованное;Ачапняк;https://www.list.am/ru/item/24197171?ld_src=2
Վիդեո քարտ ASUS DUAL RTX 5070 / 12GB GDDR7 / Видеокарта / Video Card;325,000֏;Новое;Кентрон;https://www.list.am/ru/item/23550875?ld_src=2
Վիդեո քարտ ASUS TUF GAMING RTX 5060 Ti / 8GB GDDR7 / Видеокарта / Video Card;315,000֏;Новое;Кентрон;https://www.list.am/ru/item/23550866?ld_src=2
Վիդեո քարտ ASUS PRIME RTX 5060 Ti / 8GB GDDR7 / Видеокарта / Video Card;272,000֏;Новое;Кентрон;https://www.list.am/ru/item/23550861?ld_src=2
Վիդեո քարտ ASUS DUAL RTX 3050-O8G / 8GB GDDR6 / Видеокарта / Video Card;120,000֏;Новое;Кентрон;https://www.list.am/ru/item/23550857?ld_src=2
Վիդեո քարտ 256mb - ddr2;4,000֏;Использованное;Нор Норк;https://www.list.am/ru/item/21454931?ld_src=2
RTX5060 INFINITY 3 8GB Նորի նման վիդեոկարտա/GDDR7 128-բիթPCI Express 5.0 + Երաշխիք + ԱՊԱՌԻԿ;160,000֏;Использованное;Шенгавит;https://www.list.am/ru/item/22906922?ld_src=2
Ось Nvidia Geforce 210 серия Ось Nvidia Geforce 210 Asus Nvidia;12,000֏;Новое;Канакер-Зейтун;https://www.list.am/ru/item/24137188?ld_src=2
NVIDIA GeForce G210 1GB DDR3 на продажу;8,000֏;Использованное;Канакер-Зейтун;https://www.list.am/ru/item/24150701?ld_src=2
Видеокарта Sapphire;7,000֏;Использованное;Кентрон;https://www.list.am/ru/item/24251113?ld_src=2
Rtx 3080 10g Palit Gaming Pro Videocard;165,000֏;Использованное;Арабкир;https://www.list.am/ru/item/23375974?ld_src=2
Xfx rx580 8gb, Видеокарта AMD Radeon RX 580 8GB (архитектура Polaris, 14 нм) оснащена 2304 потоковыми процессор;25,000֏;Использованное;Шенгавит;https://www.list.am/ru/item/23484240?ld_src=2
EVGA GeForce GTX 970 4ГБ;25,000֏;Использованное;Канакер-Зейтун;https://www.list.am/ru/item/24087995?ld_src=2
MSI GeForce RTX5070Ti 16G GAMING TRIO OC / GDDR7 / 16GB / Gaming Video Card / Видеокарта;479,000֏;Кентрон;Кентрон;https://www.list.am/ru/item/24236778?ld_src=2
EVGA RTX 3090 ftw3 ultra;425,000֏;Малатия-Себастия;Малатия-Себастия;https://www.list.am/ru/item/24242107?ld_src=2
Asus TUF GeForce RTX 5080 16Gb GDDR7 OC Edition;720,000֏;Новое;Аван;https://www.list.am/ru/item/23694126?ld_src=2
Gtx 1060 6 gb 192 bit;70,000֏;Использованное;Нор Норк;https://www.list.am/ru/item/23131276?ld_src=2
Видеокарта 1гб идеальная;5,000֏;Использованное;Нор Норк;https://www.list.am/ru/item/24027623?ld_src=2
Asus geforce gt 1030;17,000֏;Использованное;Гюмри;https://www.list.am/ru/item/22571302?ld_src=2
Видеокарта RTX5080 16GB Gigabyte;$1,700;Использованное;Шенгавит;https://www.list.am/ru/item/24101950?ld_src=2
Gigabyte GeForce RTX 5070 Ti Gaming OC 16G - 16GB GDDR7;500,000֏;Новое;Аван;https://www.list.am/ru/item/24208713?ld_src=2
Видеокарта Gigabyte GeForce RTX 5080 Gaming OC 16G;690,000֏;Новое;Аван;https://www.list.am/ru/item/24083770?ld_src=2
Asus The SFF-Ready Prime GeForce RTX 5080 OC Edition 16GB GDDR7 Graphics Card;640,000֏;Новое;Аван;https://www.list.am/ru/item/23869217?ld_src=2
Asus geforce gtx 750;38,000֏;Использованное;Канакер-Зейтун;https://www.list.am/ru/item/22080338?ld_src=2
Видеокарта NVIDIA GeForce GTX 660 2 GB 192-bit GDDR5;20,000֏;Новое;Ачапняк;https://www.list.am/ru/item/23938824?ld_src=2
Palit rtx 3060 12gb gddr6;90,000֏;Использованное;Давташен;https://www.list.am/ru/item/22653095?ld_src=2
Palit RTX 3060 12gb Gddr6;90,000֏;Использованное;Давташен;https://www.list.am/ru/item/23458539?ld_src=2
Asus Dual GeForce RTX 5060 Ti 8GB GDDR7 OC;247,000֏;Новое;Аван;https://www.list.am/ru/item/24026469?ld_src=2
Amd Radeon rx 6800.16 GB;110,000֏;Использованное;Шенгавит;https://www.list.am/ru/item/22665694?ld_src=2
Power Color Red Devil RX 6900 XT 16GB Video Card;140,000֏;Использованное;Шенгавит;https://www.list.am/ru/item/22665697?ld_src=2
Gigabyte gtx 1060 windforce oc 6g;45,000֏;Использованное;Ачапняк;https://www.list.am/ru/item/23586872?ld_src=2
GeForce gtx 1650;17,000֏;Использованное;Ванадзор;https://www.list.am/ru/item/21536541?ld_src=2
Asus tuf gaming geforce rtx 5060 8gb gddr7 oc;195,000֏;Новое;Арабкир;https://www.list.am/ru/item/24100811?ld_src=2
EVGA GeForce RTX 3090 KINGPIN Hybrid Gaming 24GB;350,000֏;Использованное;Нор Норк;https://www.list.am/ru/item/24249118?ld_src=2
XFX Radeon swft RX 6900 XT 16ԳԲ վիդեոքարտ;139,000֏;Использованное;Арабкир;https://www.list.am/ru/item/21142191?ld_src=2
Видеокарта Gigabyte Radeon RX 6700 XT Eagle 12G;119,000֏;Использованное;Арабкир;https://www.list.am/ru/item/24248988?ld_src=2
MSI 6600XT в отличном состоянии;105,000֏;Использованное;Арабкир;https://www.list.am/ru/item/24248968?ld_src=2
Видеокарта SAPPHIRE Nitro AMD Radeon RX 6700 XT 12GB GDDR6 192-bit;115,000֏;Использованное;Арабкир;https://www.list.am/ru/item/24248946?ld_src=2
Nvidia geforce gtx 780ti 3gb, gddr5 384bit, TITAN Ultra dvi-i, dvi-d, hdmi, dp, sli վիդեոքարտ;25,000֏;Использованное;Нор Норк;https://www.list.am/ru/item/21742869?ld_src=2
Վիդեոքարտեր Nvidia Geforce 8600GT, գտնվում է լավ վիճակում, Dvi - VGA խոդերով;10,000֏;Использованное;Малатия-Себастия;https://www.list.am/ru/item/22451767?ld_src=2
Վիդեո քարտ Nvidia Geforce 9500GT 512MB, DVi - HDMI - VGA Խոդերով, գտնվում է լավ վիճակում;10,000֏;Использованное;Малатия-Себастия;https://www.list.am/ru/item/22451775?ld_src=2
WinFast PX8500 GT 512MB DDR2 VideoKarta * Իդեալական լավ վիճակում > DVI + VGA խոդերով;7,000֏;Использованное;Малатия-Себастия;https://www.list.am/ru/item/22451790?ld_src=2
NVIDIA GT 520 1gb, 64 bit;10,000֏;Использованное;Раздан;https://www.list.am/ru/item/22727369?ld_src=2
Նոր տեսաքարտ Palit GeForce RTX 5080 GamingPro / 16Gb / 256Bit / GDDR7 / Վիդեո քարտ երաշխիքով;679,000֏;Новое;Ачапняк;https://www.list.am/ru/item/23364169?ld_src=2
Նոր տեսաքարտ ASUS PRIME GeForce RTX 5060 8GB OC Edition / 8Gb / 128Bit / GDDR7 / Վիդեո քարտ երաշխիքով;209,000֏;Новое;Ачапняк;https://www.list.am/ru/item/18475232?ld_src=2
Նոր տեսաքարտ Palit GeForce RTX 5060 Ti Infinity 3 / 16Gb / 128Bit / GDDR7 / Վիդեո քարտ երաշխիքով;329,000֏;Новое;Ачапняк;https://www.list.am/ru/item/23364161?ld_src=2
Նոր տեսաքարտ Palit GeForce RTX 5050 Dual / 8Gb / 128Bit / GDDR6 / Վիդեո քարտ երաշխիքով;157,000֏;Новое;Ачапняк;https://www.list.am/ru/item/23364151?ld_src=2
Նոր տեսաքարտ ZOTAC GAMING GeForce RTX 5060 Ti Twin Edge / 8Gb / 128Bit / GDDR7 / Վիդեո քարտ երաշխիքով;235,000֏;Новое;Ачапняк;https://www.list.am/ru/item/24214942?ld_src=2
Նոր տեսաքարտ GIGABYTE AMD Radeon RX 9060 XT GAMING OC / 16Gb / 128Bit / GDDR6 / Վիդեո քարտ երաշխիքով;259,000֏;Новое;Ачапняк;https://www.list.am/ru/item/24213486?ld_src=2
Նոր տեսաքարտ MSI GeForce RTX 5060 Ti VENTUS 2X PLUS OC / 8Gb / 128Bit / GDDR7 / Վիդեո քարտ երաշխիքով;235,000֏;Новое;Ачапняк;https://www.list.am/ru/item/24213476?ld_src=2
Նոր տեսաքարտ ASUS GeForce RTX 5060 Dual OC Edition / 8Gb / 128Bit / GDDR7 / Վիդեո քարտ երաշխիքով;197,000֏;Новое;Ачапняк;https://www.list.am/ru/item/24213448?ld_src=2
Նոր տեսաքարտ Zotac GeForce RTX 5060 Twin Edge / 8Gb / 128Bit / GDDR7 / Վիդեո քարտ երաշխիքով;185,000֏;Новое;Ачапняк;https://www.list.am/ru/item/24213426?ld_src=2
Նոր տեսաքարտ ZOTAC GAMING GeForce RTX 5070 Ti SOLID SFF / 16Gb / 256Bit / GDDR7 / Վիդեո քարտ երաշխիքով;579,000֏;Новое;Ачапняк;https://www.list.am/ru/item/20775728?ld_src=2
Նոր տեսաքարտ Zotac GeForce RTX 5070 GAMING Twin Edge / 12Gb / 192Bit / GDDR7 / Վիդեո քարտ երաշխիքով;349,000֏;Новое;Ачапняк;https://www.list.am/ru/item/24213132?ld_src=2
Նոր տեսաքարտ GIGABYTE GeForce RTX 5070 EAGLE OC / 12Gb / 192Bit / GDDR7 / Վիդեո քարտ երաշխիքով;379,000֏;Новое;Ачапняк;https://www.list.am/ru/item/24213066?ld_src=2
Նոր տեսաքարտ ASUS GeForce RTX 5070 PRIME OC Edition / 12Gb / 192Bit / GDDR7 / Վիդեո քարտ երաշխիքով;379,000֏;Новое;Ачапняк;https://www.list.am/ru/item/23305993?ld_src=2
Նոր տեսաքարտ GIGABYTE GeForce RTX 5070 Ti WINDFORCE OC / 16Gb / 256Bit / GDDR7 / Վիդեո քարտ երաշխիքով;599,000֏;Новое;Ачапняк;https://www.list.am/ru/item/23305629?ld_src=2
Նոր տեսաքարտ GIGABYTE GeForce RTX 5070 WINDFORCE OC / 12Gb / 192Bit / GDDR7 / Վիդեո քարտ երաշխիքով;369,000֏;Новое;Ачапняк;https://www.list.am/ru/item/23305553?ld_src=2
Նոր տեսաքարտ MSI GeForce RTX 5070 VENTUS 3X OC / 12Gb / 192Bit / GDDR7 / Վիդեո քարտ երաշխիքով;369,000֏;Новое;Ачапняк;https://www.list.am/ru/item/23305962?ld_src=2
Նոր տեսաքարտ ASUS AMD Radeon RX 9060 XT DUAL / 16Gb / 128Bit / GDDR6 / Վիդեո քարտ երաշխիքով;255,000֏;Новое;Ачапняк;https://www.list.am/ru/item/23306065?ld_src=2
Նոր տեսաքարտ ASUS AMD Radeon RX 9060 XT PRIME OC / 16Gb / 128Bit / GDDR6 / Վիդեո քարտ երաշխիքով;265,000֏;Новое;Ачапняк;https://www.list.am/ru/item/23306015?ld_src=2
Տեսաքարտ / Վիդեո քարտ - Palit GeForce RTX 5080 GamingPro 16GB GDDR7 (1 տարի երաշխիք);739,000֏;Новое;Кентрон;https://www.list.am/ru/item/22673803?ld_src=2
Видеокарта / Videocard Rx 6800 xt nitro + 16 gb;250,000֏;Использованное;Нор Норк;https://www.list.am/ru/item/23646841?ld_src=2
Վիդեոկարտա nvidia rtx 3080 10gb founders edition;180,000֏;Использованное;Ачапняк;https://www.list.am/ru/item/23151212?ld_src=2
Palit GeForce RTX 3090 GamingPro, 24 ГБ GDDR6X, 384 бит;350,000֏;Использованное;Кентрон;https://www.list.am/ru/item/23152520?ld_src=2
Msi gaming x trio geforce rtx 3070 ti 8gb;165,000֏;Использованное;Ачапняк;https://www.list.am/ru/item/23151366?ld_src=2
Видеокарта GT 730 4gb msi DDR3;11,000֏;Использованное;Армавир;https://www.list.am/ru/item/24147535?ld_src=2
Տեսաքարտ / Վիդեո քարտ - Palit GeForce RTX 5090 GameRock 32GB GDDR7 (1 տարի երաշխիք);2,489,000֏;Новое;Кентрон;https://www.list.am/ru/item/22656215?ld_src=2
Տեսաքարտ / Վիդեո քարտ - Palit GeForce RTX 5060 Dual 8GB GDDR7 (1 տարի երաշխիք);215,000֏;Новое;Кентрон;https://www.list.am/ru/item/22877816?ld_src=2
Վիդեո քարտ / Asus ROG Strix GTX 1080 / 8 GB / 256 Bit / GDDR5X / GPU;80,000֏;Использованное;Малатия-Себастия;https://www.list.am/ru/item/22371572?ld_src=2
Տեսաքարտ / Վիդեո քարտ - ASUS TUF Gaming GeForce RTX 5070 12GB GDDR7 (1 տարի երաշխիք);409,000֏;Новое;Кентрон;https://www.list.am/ru/item/22877663?ld_src=2
MSI Radeon RX 7600 OC Edition;121,000֏;Новое;Нор Норк;https://www.list.am/ru/item/23634681?ld_src=2
Видеокарта - ASUS Prime Radeon RX 9070 XT White OC Edition 16GB GDDR6 (1 год гарантии);458,900֏;Новое;Кентрон;https://www.list.am/ru/item/24070604?ld_src=2
Տեսաքարտ / Վիդեո քարտ - GIGABYTE GeForce RTX 5060 WINDFORCE OC 8GB GDDR7 (1 տարի երաշխիք);215,000֏;Новое;Кентрон;https://www.list.am/ru/item/23033658?ld_src=2
Videocard видеокарта վիդեո քարտ/ Asus AMD Radeon HD 5450 Silent [EAH5450 SILENT/DI/1GD3 (LP) ] + առաքում;8,000֏;Использованное;Эребуни;https://www.list.am/ru/item/16600908?ld_src=2
Asus rog strix gaming gtx 1070 ti 8gb;55,000֏;Использованное;Эчмиадзин;https://www.list.am/ru/item/23620895?ld_src=2
Видеокарта Asus Rog Strix Rx 5600 XT Gaming OC;85,000֏;Использованное;Кентрон;https://www.list.am/ru/item/19936374?ld_src=2
AMD RX 6800 Reference 16 GB GDDR6;150,000֏;Использованное;Абовян;https://www.list.am/ru/item/23528681?ld_src=2
Asus rtx4060ti 8g oc dual;164,000֏;Использованное;Арабкир;https://www.list.am/ru/item/24247749?ld_src=2
Игровая видеокарта ASUS Prime GeForce RTX 5060 Ti 16GB GDDR7 OC Edition, SFF-Ready, PCIe 5.0;350,000֏;Новое;Кентрон;https://www.list.am/ru/item/24184694?ld_src=2
VGA PNY Nvidia Quadro P2000 5GB GDDR5 160-битная профессиональная видеокарта, видеовыход 4 * DisplayPort;40,000֏;Использованное;Эчмиадзин;https://www.list.am/ru/item/24063272?ld_src=2
Vga Dell AMD Radeon RX 640 4GB GDDR5 128bit PCIe x8/x16 Video Graphics Card - 0Y77T6 1 * DP/2 * mini Dp port;27,000֏;Использованное;Эчмиадзин;https://www.list.am/ru/item/23962674?ld_src=2
Vga Dell AMD Radeon R7 450 OEM 4GB GDDR5 128bit Video Graphics Card - 0FN46D DVI DisplayPort;20,000֏;Использованное;Эчмиадзин;https://www.list.am/ru/item/21604898?ld_src=2
Vga Dell AMD Radeon R7 450 OEM 4GB GDDR5 128bit Low Profile Gpu - MS-V346 2 * DisplayPort Video Out;27,000֏;Использованное;Эчмиадзин;https://www.list.am/ru/item/23963332?ld_src=2
RTX 2080 Ti Founders Edition 11Gb 352-bit;105,000֏;Использованное;Малатия-Себастия;https://www.list.am/ru/item/24247715?ld_src=2
VGA Nvidia Quadro P1000 4GB GDDR5 128bit Professional Video Card Dell G72T1 Video Out 4 * Mini DisplayPort;32,000֏;Использованное;Эчмиадзин;https://www.list.am/ru/item/23947687?ld_src=2
Հզոր Տեսաքարտ ASUS GeForce RTX 3060 12GB GDDR6 Мощная видеокарта для игр и работы;159,990֏;Новое;Кентрон;https://www.list.am/ru/item/23659839?ld_src=2
NVidia GF9800GTX + 512MB DDR3 Videokarta * գերազանց լավ վիճակում, անթերի * DVI + Dvi + 8P ով;15,000֏;Использованное;Канакер-Зейтун;https://www.list.am/ru/item/22642605?ld_src=2
Palit GeForce RTX 5060 Ti Infinity 3 16GB (RTX5060TI, rtx 5060ti);270,000֏;Использованное;Канакер-Зейтун;https://www.list.am/ru/item/24117401?ld_src=2
Nvidia RTX 3070 Ti TUF Gaming;149,990֏;Использованное;Малатия-Себастия;https://www.list.am/ru/item/24247458?ld_src=2
Ozu օզու 2gb նոութբուքի Օրիգինալ;1,500֏;Использованное;Шенгавит;https://www.list.am/ru/item/21619004?ld_src=2
GeForce2 MX200 / GIGABYTE GV-AG32S / Geforce 9500 GT;1,000֏;Использованное;Эребуни;https://www.list.am/ru/item/20820959?ld_src=2
Վիդեոքարտ Videocard Nvidia GT 210;5,000֏;Использованное;Кентрон;https://www.list.am/ru/item/23089346?ld_src=2
ATI-102-C01002 (B) AMD Radeon HD 5770 1GB GDDR5 AMD Radeon HD 5770 1GB GDDR5 Վիդեոքարտ Видеокарта AMD;35,000֏;Новое;Арабкир;https://www.list.am/ru/item/21704950?ld_src=2
GeForce GT 220 DDR3;4,000֏;Использованное;Малатия-Себастия;https://www.list.am/ru/item/24021917?ld_src=2
Sapphire pulse rx 5700 xt be 8gb gddr6 (11293-09cpo) gpu videocard վիդեոքարտ;48,000֏;Использованное;Нор Норк;https://www.list.am/ru/item/22315013?ld_src=2
Matrox RTX100/KIT/N Xtreme Pro Video Editing Karta PCI RT.X100 Made in Canada;30,000֏;Использованное;Эребуни;https://www.list.am/ru/item/21490352?ld_src=2
Վիդեո քարտեր, DDR1, DDR2;5,000֏;Использованное;Нор Норк;https://www.list.am/ru/item/21558847?ld_src=2
Радио маг 3 բոլօրը միասին;45,000֏;Использованное;Нор Норк;https://www.list.am/ru/item/21482996?ld_src=2
Matrox C680 4gb gddr5;20,000֏;Использованное;Арабкир;https://www.list.am/ru/item/24147848?ld_src=2
Վիդեո քարտ Palit Gaming Pro RTX 3070 / 8GB / GDDR6 / 256 Bit;139,000֏;Использованное;Малатия-Себастия;https://www.list.am/ru/item/22295266?ld_src=2
NVIDIA Geforce GTX1660Ti 6GB GDDR6 / 192Bit PCIe 3.0 x16 Gainward;65,000֏;Использованное;Шенгавит;https://www.list.am/ru/item/24019786?ld_src=2
GigaByte Radeon RX9700 / 16GB GDDR6 / PCI-E 5.0 / 256Bit;295,000֏;Новое;Шенгавит;https://www.list.am/ru/item/23973369?ld_src=2
RTX 5080 Palit Gaming Pro 16Gb GDDR7;720,000֏;Новое;Шенгавит;https://www.list.am/ru/item/23472931?ld_src=2
Gt730-4h-sl-2gd5 video card;20,000֏;Использованное;Эребуни;https://www.list.am/ru/item/23333252?ld_src=2
Asus RTX 2060 6GB;55,000֏;Использованное;Нубарашен;https://www.list.am/ru/item/24174125?ld_src=2
Zotac gtx260 448bit 896mb ddr3 zt-x26e3ka fdr (որպես պահեստամաս);4,000֏;Использованное;Егвард;https://www.list.am/ru/item/23844024?ld_src=2
Msi rtx 5060ti gaming x oc 8g;228,000֏;Новое;Ачапняк;https://www.list.am/ru/item/23844005?ld_src=2
Վիդեո քարտ ZOTAC GeForce GT710 1GB - PCIE x 1 - VGA / DVI / HDMI;19,000֏;Использованное;Шенгавит;https://www.list.am/ru/item/17218468?ld_src=2
Msi GeForce RTX 4060 Ti;200,000֏;Использованное;Арабкир;https://www.list.am/ru/item/24199458?ld_src=2
Videocard Radeon RX 9060 XT Gaming OC 8G GIGABYTE նոր տուփով;190,000֏;Новое;Арабкир;https://www.list.am/ru/item/23112850?ld_src=2
